-- MySQL dump 10.13  Distrib 8.4.7, for Linux (x86_64)
--
-- Host: localhost    Database: lowify
-- ------------------------------------------------------
-- Server version	8.4.7

/*!40101 SET @OLD_CHARACTER_SET_CLIENT=@@CHARACTER_SET_CLIENT */;
/*!40101 SET @OLD_CHARACTER_SET_RESULTS=@@CHARACTER_SET_RESULTS */;
/*!40101 SET @OLD_COLLATION_CONNECTION=@@COLLATION_CONNECTION */;
/*!50503 SET NAMES utf8mb4 */;
/*!40103 SET @OLD_TIME_ZONE=@@TIME_ZONE */;
/*!40103 SET TIME_ZONE='+00:00' */;
/*!40014 SET @OLD_UNIQUE_CHECKS=@@UNIQUE_CHECKS, UNIQUE_CHECKS=0 */;
/*!40014 SET @OLD_FOREIGN_KEY_CHECKS=@@FOREIGN_KEY_CHECKS, FOREIGN_KEY_CHECKS=0 */;
/*!40101 SET @OLD_SQL_MODE=@@SQL_MODE, SQL_MODE='NO_AUTO_VALUE_ON_ZERO' */;
/*!40111 SET @OLD_SQL_NOTES=@@SQL_NOTES, SQL_NOTES=0 */;

--
-- Table structure for table `artist`
--

DROP TABLE IF EXISTS `artist`;
/*!40101 SET @saved_cs_client     = @@character_set_client */;
/*!50503 SET character_set_client = utf8mb4 */;
CREATE TABLE `artist` (
                          `id` int NOT NULL AUTO_INCREMENT,
                          `name` varchar(255) NOT NULL,
                          `biography` mediumtext,
                          `cover` mediumtext,
                          `monthly_listeners` int DEFAULT '0',
                          PRIMARY KEY (`id`),
                          UNIQUE KEY `id` (`id`)
) ENGINE=InnoDB AUTO_INCREMENT=25 DEFAULT CHARSET=utf8mb4 COLLATE=utf8mb4_0900_ai_ci;
/*!40101 SET character_set_client = @saved_cs_client */;

ALTER TABLE `artist` ADD FULLTEXT (name);

--
-- Dumping data for table `artist`
--

LOCK TABLES `artist` WRITE;
/*!40000 ALTER TABLE `artist` DISABLE KEYS */;
INSERT INTO `artist` VALUES
                         (1,'The Weeknd','Star canadienne du R&B et de la Pop.','https://upload.wikimedia.org/wikipedia/commons/e/e0/The_Weeknd_at_Cannes_2023.png',105000000),
                         (2,'Dadju','Le Prince Dadj, chanteur de pop urbaine et R&B.','https://upload.wikimedia.org/wikipedia/commons/c/c8/Dadju_NRJ_Music_Awards_2018.jpg',5200000),
                         (3,'Gims','Rappeur et chanteur à la voix puissante, ex-Sexion d\'Assaut.','https://upload.wikimedia.org/wikipedia/commons/5/53/Ma%C3%AEtre_Gims_Cannes_2016.jpg',6800000),
                         (4,'Justin Bieber','Icône de la pop mondiale découverte sur YouTube.','https://upload.wikimedia.org/wikipedia/commons/d/d1/Justin_Bieber_in_2015.jpg',85000000),
                         (5,'Drake','Le rappeur de Toronto qui domine les charts mondiaux.','https://upload.wikimedia.org/wikipedia/commons/2/28/Drake_July_2016.jpg',78000000),
                         (6,'Taylor Swift','La reine de la pop et de la country américaine.','https://upload.wikimedia.org/wikipedia/commons/b/b5/191125_Taylor_Swift_at_the_2019_American_Music_Awards_(cropped).png',100000000),
                         (7,'Bad Bunny','L\'artiste portoricain qui a globalisé le reggaeton.','https://upload.wikimedia.org/wikipedia/commons/8/80/Bad_Bunny_2019_by_Glenn_Francis_(cropped).jpg',65000000),
                         (8,'Rosalía','La Motomami qui réinvente le flamenco pop.','https://upload.wikimedia.org/wikipedia/commons/4/4d/Rosal%C3%ADa_Lollapalooza_2023_03_(cropped).jpg',35000000),
                         (9,'Stromae','Le maestro belge aux textes poignants.','https://upload.wikimedia.org/wikipedia/commons/c/c9/Stromae_2023.jpg',12000000),
                         (10,'Dua Lipa','La nouvelle reine de la disco-pop britannique.','https://upload.wikimedia.org/wikipedia/commons/1/1c/Dua_Lipa_for_YSL_Libre_September_2020.png',72000000),
                         (11,'Eminem','Le Rap God de Détroit.','https://upload.wikimedia.org/wikipedia/commons/4/4a/Eminem_-_Concert_for_Valor_in_Washington%2C_D.C._Nov._11%2C_2014_(2)_(Cropped).jpg',62000000),
                         (12,'Billie Eilish','La voix sombre et mélancolique de la Gen Z.','https://upload.wikimedia.org/wikipedia/commons/3/36/Billie_Eilish_at_the_2024_Golden_Globes.png',68000000),
                         (13,'Angèle','La pop star belge incontournable.','https://upload.wikimedia.org/wikipedia/commons/d/d0/Ang%C3%A8le_Cannes_2024.jpg',8000000),
                         (14,'Ninho','Le recordman des certifications en France.','https://upload.wikimedia.org/wikipedia/commons/e/e3/Ninho_2023.jpg',9000000),
                         (15,'Beyoncé','Queen B, icône culturelle absolue.','https://upload.wikimedia.org/wikipedia/commons/1/17/Beyonc%C3%A9_at_The_Lion_King_European_Premiere_2019.png',55000000),
                         (16,'Ed Sheeran','L\'homme à la guitare et aux tubes planétaires.','https://upload.wikimedia.org/wikipedia/commons/c/c1/Ed_Sheeran-6886_(cropped).jpg',82000000),
                         (17,'Rihanna','La star de la Barbade et femme d\'affaires.','https://upload.wikimedia.org/wikipedia/commons/c/c2/Rihanna_Fenty_2019_c.jpg',78000000),
                         (18,'Jul','Le rappeur marseillais le plus productif de l\'histoire.','https://upload.wikimedia.org/wikipedia/commons/2/23/Jul_2013_2.jpg',7500000),
                         (19,'PNL','Le duo des Tarterêts, légendes du rap planant.','https://upload.wikimedia.org/wikipedia/commons/8/81/PNL_Duo.jpg',6000000),
                         (20,'Coldplay','Le groupe de pop-rock qui remplit les stades.','https://upload.wikimedia.org/wikipedia/commons/2/2e/ColdplayBBC071221_(cropped).jpg',70000000),
                         (21,'Damso','Le rappeur belge au flow sombre et technique.','https://upload.wikimedia.org/wikipedia/commons/5/50/Damso_Cannes_2018.jpg',7000000),
                         (22,'Orelsan','Le rappeur normand, conteur d\'histoires.','https://upload.wikimedia.org/wikipedia/commons/4/48/Orelsan_2018.jpg',5000000),
                         (23,'Aya Nakamura','La chanteuse francophone la plus écoutée au monde.','https://upload.wikimedia.org/wikipedia/commons/2/2d/Aya_Nakamura_Cannes_2022.jpg',9000000),
                         (24,'SDM','La nouvelle tête d\'affiche du 92i.','https://upload.wikimedia.org/wikipedia/commons/6/62/SDM_2022.jpg',4000000);
/*!40000 ALTER TABLE `artist` ENABLE KEYS */;
UNLOCK TABLES;

--
-- Table structure for table `album`
--

DROP TABLE IF EXISTS `album`;
/*!40101 SET @saved_cs_client     = @@character_set_client */;
/*!50503 SET character_set_client = utf8mb4 */;
CREATE TABLE `album` (
                         `id` int NOT NULL AUTO_INCREMENT,
                         `name` varchar(255) NOT NULL,
                         `artist_id` int NOT NULL,
                         `cover` mediumtext,
                         `release_date` datetime DEFAULT NULL,
                         PRIMARY KEY (`id`),
                         UNIQUE KEY `id` (`id`),
                         KEY `artist_id` (`artist_id`),
                         CONSTRAINT `album_ibfk_1` FOREIGN KEY (`artist_id`) REFERENCES `artist` (`id`)
) ENGINE=InnoDB AUTO_INCREMENT=43 DEFAULT CHARSET=utf8mb4 COLLATE=utf8mb4_0900_ai_ci;
/*!40101 SET character_set_client = @saved_cs_client */;

ALTER TABLE `album` ADD FULLTEXT (name);

--
-- Dumping data for table `album`
--

LOCK TABLES `album` WRITE;
/*!40000 ALTER TABLE `album` DISABLE KEYS */;
INSERT INTO `album` VALUES
                        (1,'After Hours',1,'https://upload.wikimedia.org/wikipedia/en/c/c1/The_Weeknd_-_After_Hours.png','2020-03-20 00:00:00'),
                        (2,'Starboy',1,'https://upload.wikimedia.org/wikipedia/en/3/39/The_Weeknd_-_Starboy.png','2016-11-25 00:00:00'),
                        (3,'Gentleman 2.0',2,'https://upload.wikimedia.org/wikipedia/en/8/8d/Dadju_-_Gentleman_2.0.jpg','2017-11-24 00:00:00'),
                        (4,'Poison ou Antidote',2,'https://upload.wikimedia.org/wikipedia/en/0/05/Dadju_-_Poison_ou_Antidote.jpg','2019-11-15 00:00:00'),
                        (5,'Ceinture Noire',3,'https://upload.wikimedia.org/wikipedia/en/8/84/Maitre_Gims_-_Ceinture_Noire.jpg','2018-03-23 00:00:00'),
                        (6,'Le Fléau',3,'https://upload.wikimedia.org/wikipedia/en/9/9b/Gims_-_Le_Fl%C3%A9au.jpg','2020-12-04 00:00:00'),
                        (7,'Justice',4,'https://upload.wikimedia.org/wikipedia/en/0/08/Justin_Bieber_-_Justice.png','2021-03-19 00:00:00'),
                        (8,'Purpose',4,'https://upload.wikimedia.org/wikipedia/en/2/27/Justin_Bieber_-_Purpose_(Official_Album_Cover).png','2015-11-13 00:00:00'),
                        (9,'Scorpion',5,'https://upload.wikimedia.org/wikipedia/en/9/90/Scorpion_by_Drake.jpg','2018-06-29 00:00:00'),
                        (10,'Certified Lover Boy',5,'https://upload.wikimedia.org/wikipedia/en/7/79/Drake_-_Certified_Lover_Boy.png','2021-09-03 00:00:00'),
                        (11,'1989 (Taylor''s Version)',6,'https://upload.wikimedia.org/wikipedia/en/d/d5/Taylor_Swift_-_1989_(Taylor%27s_Version).png','2023-10-27 00:00:00'),
                        (12,'Midnights',6,'https://upload.wikimedia.org/wikipedia/en/9/9f/Midnights_-_Taylor_Swift.png','2022-10-21 00:00:00'),
                        (13,'Un Verano Sin Ti',7,'https://upload.wikimedia.org/wikipedia/en/6/60/Bad_Bunny_-_Un_Verano_Sin_Ti.png','2022-05-06 00:00:00'),
                        (14,'Motomami',8,'https://upload.wikimedia.org/wikipedia/en/2/2e/Rosal%C3%ADa_-_Motomami.png','2022-03-18 00:00:00'),
                        (15,'Racine Carrée',9,'https://upload.wikimedia.org/wikipedia/en/a/a2/Stromae_-_Racine_carr%C3%A9e.png','2013-08-16 00:00:00'),
                        (16,'Multitude',9,'https://upload.wikimedia.org/wikipedia/en/0/01/Stromae_-_Multitude.png','2022-03-04 00:00:00'),
                        (17,'Future Nostalgia',10,'https://upload.wikimedia.org/wikipedia/en/f/f5/Dua_Lipa_-_Future_Nostalgia_(Official_Album_Cover).png','2020-03-27 00:00:00'),
                        (18,'The Eminem Show',11,'https://upload.wikimedia.org/wikipedia/en/3/35/The_Eminem_Show.jpg','2002-05-26 00:00:00'),
                        (19,'Happier Than Ever',12,'https://upload.wikimedia.org/wikipedia/en/4/45/Billie_Eilish_-_Happier_Than_Ever.png','2021-07-30 00:00:00'),
                        (20,'Brol',13,'https://upload.wikimedia.org/wikipedia/en/9/91/Ang%C3%A8le_-_Brol.png','2018-10-05 00:00:00'),
                        (21,'Nonante-Cinq',13,'https://upload.wikimedia.org/wikipedia/en/c/c5/Ang%C3%A8le_-_Nonante-Cinq.png','2021-12-03 00:00:00'),
                        (22,'Jefe',14,'https://upload.wikimedia.org/wikipedia/en/2/23/Ninho_-_Jefe.jpg','2021-12-03 00:00:00'),
                        (23,'Destin',14,'https://upload.wikimedia.org/wikipedia/en/7/75/Ninho_-_Destin.jpg','2019-03-22 00:00:00'),
                        (24,'Renaissance',15,'https://upload.wikimedia.org/wikipedia/en/2/2e/Beyonc%C3%A9_-_Renaissance.png','2022-07-29 00:00:00'),
                        (25,'Divide',16,'https://upload.wikimedia.org/wikipedia/en/4/45/Divide_cover.png','2017-03-03 00:00:00'),
                        (26,'Anti',17,'https://upload.wikimedia.org/wikipedia/en/3/32/Rihanna_-_Anti.png','2016-01-28 00:00:00'),
                        (27,'L''Ovni',18,'https://upload.wikimedia.org/wikipedia/en/3/3d/Jul_-_L%27ovni.jpg','2016-12-02 00:00:00'),
                        (28,'Rien 100 Rien',18,'https://upload.wikimedia.org/wikipedia/en/d/d4/Jul_-_Rien_100_Rien.jpg','2019-06-14 00:00:00'),
                        (29,'Dans la légende',19,'https://upload.wikimedia.org/wikipedia/en/3/33/PNL_-_Dans_la_l%C3%A9gende.png','2016-09-16 00:00:00'),
                        (30,'Deux frères',19,'https://upload.wikimedia.org/wikipedia/en/8/87/PNL_-_Deux_fr%C3%A8res.jpg','2019-04-05 00:00:00'),
                        (31,'A Head Full of Dreams',20,'https://upload.wikimedia.org/wikipedia/en/3/3d/Coldplay_-_A_Head_Full_of_Dreams.png','2015-12-04 00:00:00'),
                        (32,'Ipséité',21,'https://upload.wikimedia.org/wikipedia/en/9/9c/Damso_-_Ips%C3%A9it%C3%A9.jpg','2017-04-28 00:00:00'),
                        (33,'Lithopédion',21,'https://upload.wikimedia.org/wikipedia/en/3/3a/Damso_-_Lithop%C3%A9dion.jpg','2018-06-15 00:00:00'),
                        (34,'La fête est finie',22,'https://upload.wikimedia.org/wikipedia/en/0/07/Orelsan_-_La_f%C3%AAte_est_finie.png','2017-10-20 00:00:00'),
                        (35,'Civilisation',22,'https://upload.wikimedia.org/wikipedia/en/6/69/Orelsan_-_Civilisation.png','2021-11-19 00:00:00'),
                        (36,'Nakamura',23,'https://upload.wikimedia.org/wikipedia/en/7/74/Aya_Nakamura_-_Nakamura.png','2018-11-02 00:00:00'),
                        (37,'DNK',23,'https://upload.wikimedia.org/wikipedia/en/c/c5/Aya_Nakamura_-_DNK.png','2023-01-27 00:00:00'),
                        (38,'Liens du 100',24,'https://upload.wikimedia.org/wikipedia/en/1/1a/SDM_-_Liens_du_100.jpg','2022-12-02 00:00:00'),
                        (39,'Ocho',24,'https://upload.wikimedia.org/wikipedia/en/4/4e/SDM_-_Ocho.jpg','2021-04-09 00:00:00'),
                        (40,'Dawn FM',1,'https://upload.wikimedia.org/wikipedia/en/b/b9/The_Weeknd_-_Dawn_FM.png','2022-01-07 00:00:00'),
                        (41,'My World 2.0',4,'https://upload.wikimedia.org/wikipedia/en/b/b9/Justin_Bieber_-_My_World_2.0.jpg','2010-03-19 00:00:00'),
                        (42,'Views',5,'https://upload.wikimedia.org/wikipedia/en/a/af/Drake_-_Views_cover.jpg','2016-04-29 00:00:00');
/*!40000 ALTER TABLE `album` ENABLE KEYS */;
UNLOCK TABLES;

--
-- Table structure for table `song`
--

DROP TABLE IF EXISTS `song`;
/*!40101 SET @saved_cs_client     = @@character_set_client */;
/*!50503 SET character_set_client = utf8mb4 */;
CREATE TABLE `song` (
                        `id` int NOT NULL AUTO_INCREMENT,
                        `name` varchar(255) NOT NULL,
                        `artist_id` int NOT NULL,
                        `album_id` int NOT NULL,
                        `duration` int NOT NULL,
                        `note` double NOT NULL DEFAULT '0',
                        PRIMARY KEY (`id`),
                        UNIQUE KEY `id` (`id`),
                        KEY `album_id` (`album_id`),
                        KEY `artist_id` (`artist_id`),
                        CONSTRAINT `song_ibfk_1` FOREIGN KEY (`album_id`) REFERENCES `album` (`id`),
                        CONSTRAINT `song_ibfk_2` FOREIGN KEY (`artist_id`) REFERENCES `artist` (`id`)
) ENGINE=InnoDB AUTO_INCREMENT=385 DEFAULT CHARSET=utf8mb4 COLLATE=utf8mb4_0900_ai_ci;
/*!40101 SET character_set_client = @saved_cs_client */;

ALTER TABLE `song` ADD FULLTEXT (name);

--
-- Dumping data for table `song`
--

LOCK TABLES `song` WRITE;
/*!40000 ALTER TABLE `song` DISABLE KEYS */;
INSERT INTO `song` VALUES
                       (1,'Blinding Lights',1,1,200,4.9),
                       (2,'Save Your Tears',1,1,215,4.7),
                       (3,'In Your Eyes',1,1,237,4.5),
                       (4,'Heartless',1,1,200,4.4),
                       (5,'Alone Again',1,1,250,4.2),
                       (6,'Too Late',1,1,239,4.1),
                       (7,'Hardest To Love',1,1,211,4.3),
                       (8,'Scared To Live',1,1,191,4.0),
                       (9,'Snowchild',1,1,247,4.1),
                       (10,'Escape From LA',1,1,355,4.2),
                       (11,'Starboy',1,2,230,4.8),
                       (12,'I Feel It Coming',1,2,269,4.7),
                       (13,'Party Monster',1,2,249,4.4),
                       (14,'False Alarm',1,2,220,4.1),
                       (15,'Reminder',1,2,218,4.6),
                       (16,'Rockin\'',1,2,232,4.2),
                       (17,'Secrets',1,2,265,4.3),
                       (18,'True Colors',1,2,206,4.0),
                       (19,'Die For You',1,2,260,4.9),
                       (20,'Six Feet Under',1,2,237,4.0),
                       (21,'Reine',2,3,196,4.8),
                       (22,'Bob Marley',2,3,215,4.2),
                       (23,'Jaloux',2,3,201,4.4),
                       (24,'Lionne',2,3,220,4.3),
                       (25,'Déjà trouvé',2,3,200,4.1),
                       (26,'Oublie-le',2,3,210,4.0),
                       (27,'Trouvez-la',2,3,225,4.2),
                       (28,'Ma fierté',2,3,215,4.5),
                       (29,'Django',2,3,230,4.3),
                       (30,'Intuition',2,3,195,4.1),
                       (31,'Compliqué',2,4,213,4.6),
                       (32,'Ma vie',2,4,205,4.4),
                       (33,'Confessions',2,4,222,4.2),
                       (34,'Tout ou rien',2,4,218,4.3),
                       (35,'Bobo au coeur',2,4,209,4.1),
                       (36,'Danger',2,4,200,4.0),
                       (37,'Grand bain',2,4,215,4.7),
                       (38,'TPB',2,4,210,4.5),
                       (39,'Perdu',2,4,220,4.1),
                       (40,'Je ne t\'aime plus',2,4,205,4.2),
                       (41,'La même',3,5,199,4.8),
                       (42,'Caméléon',3,5,238,4.6),
                       (43,'Corazon',3,5,186,4.3),
                       (44,'Loup Garou',3,5,220,4.2),
                       (45,'Entre nous c\'est mort',3,5,210,4.1),
                       (46,'Laissez-moi tranquille',3,5,215,4.0),
                       (47,'Mi Gna',3,5,225,4.7),
                       (48,'Tu ne le vois pas',3,5,200,4.2),
                       (49,'Bella Ciao',3,5,212,4.5),
                       (50,'Bonita',3,5,218,4.1),
                       (51,'Jusqu\'ici tout va bien',3,6,230,4.5),
                       (52,'Immortel',3,6,200,4.4),
                       (53,'Côté noir',3,6,215,4.3),
                       (54,'Oats',3,6,210,4.1),
                       (55,'Pendejo',3,6,205,4.0),
                       (56,'Origami',3,6,222,4.2),
                       (57,'Yolo',3,6,208,4.1),
                       (58,'Thomas Shelby',3,6,216,4.3),
                       (59,'Belle',3,6,225,4.6),
                       (60,'Grosse bleta',3,6,211,4.0),
                       (61,'Peaches',4,7,198,4.5),
                       (62,'Ghost',4,7,153,4.7),
                       (63,'Holy',4,7,212,4.1),
                       (64,'2 Much',4,7,152,4.0),
                       (65,'Deserve You',4,7,187,4.2),
                       (66,'As I Am',4,7,174,4.1),
                       (67,'Off My Face',4,7,156,4.3),
                       (68,'Unstable',4,7,158,4.0),
                       (69,'Die For You',4,7,198,4.4),
                       (70,'Hold On',4,7,170,4.5),
                       (71,'Sorry',4,8,200,4.8),
                       (72,'Love Yourself',4,8,233,4.9),
                       (73,'What Do You Mean?',4,8,205,4.7),
                       (74,'Company',4,8,208,4.3),
                       (75,'No Pressure',4,8,286,4.1),
                       (76,'No Sense',4,8,275,4.0),
                       (77,'The Feeling',4,8,244,4.2),
                       (78,'Life Is Worth Living',4,8,234,4.1),
                       (79,'Where Are Ü Now',4,8,250,4.6),
                       (80,'Children',4,8,223,4.0),
                       (81,'God\'s Plan',5,9,198,4.9),
                       (82,'Nice For What',5,9,210,4.6),
                       (83,'In My Feelings',5,9,217,4.8),
                       (84,'Nonstop',5,9,238,4.5),
                       (85,'Elevate',5,9,184,4.2),
                       (86,'Emotionless',5,9,302,4.3),
                       (87,'I\'m Upset',5,9,214,4.1),
                       (88,'Mob Ties',5,9,205,4.2),
                       (89,'Sandra\'s Rose',5,9,216,4.0),
                       (90,'Don\'t Matter To Me',5,9,245,4.4),
                       (91,'Champagne Poetry',5,10,336,4.5),
                       (92,'Papi\'s Home',5,10,178,4.1),
                       (93,'Girls Want Girls',5,10,221,4.6),
                       (94,'In The Bible',5,10,296,4.0),
                       (95,'Love All',5,10,228,4.3),
                       (96,'Fair Trade',5,10,291,4.7),
                       (97,'Way 2 Sexy',5,10,257,4.8),
                       (98,'TSU',5,10,308,4.2),
                       (99,'N 2 Deep',5,10,273,4.1),
                       (100,'Knife Talk',5,10,242,4.5),
                       (101,'Style',6,11,231,4.7),
                       (102,'Blank Space',6,11,231,4.8),
                       (103,'Shake It Off',6,11,219,4.6),
                       (104,'Bad Blood',6,11,211,4.5),
                       (105,'Wildest Dreams',6,11,220,4.7),
                       (106,'Out Of The Woods',6,11,235,4.3),
                       (107,'All You Had To Do Was Stay',6,11,193,4.1),
                       (108,'I Wish You Would',6,11,207,4.0),
                       (109,'How You Get The Girl',6,11,247,4.2),
                       (110,'This Love',6,11,250,4.1),
                       (111,'Lavender Haze',6,12,202,4.6),
                       (112,'Maroon',6,12,218,4.4),
                       (113,'Anti-Hero',6,12,200,4.8),
                       (114,'Snow On The Beach',6,12,256,4.5),
                       (115,'You\'re On Your Own, Kid',6,12,194,4.3),
                       (116,'Midnight Rain',6,12,174,4.2),
                       (117,'Question...?',6,12,210,4.0),
                       (118,'Vigilante Shit',6,12,164,4.1),
                       (119,'Bejeweled',6,12,194,4.4),
                       (120,'Karma',6,12,204,4.7),
                       (121,'Tití Me Preguntó',7,13,243,4.9),
                       (122,'Me Porto Bonito',7,13,178,4.8),
                       (123,'Moscow Mule',7,13,245,4.5),
                       (124,'Después de la Playa',7,13,230,4.2),
                       (125,'Tarot',7,13,237,4.3),
                       (126,'Neverita',7,13,173,4.1),
                       (127,'Yo No Soy Celoso',7,13,230,4.0),
                       (128,'Efecto',7,13,213,4.6),
                       (129,'Party',7,13,227,4.2),
                       (130,'Aguacero',7,13,210,4.1),
                       (131,'Saoko',8,14,137,4.4),
                       (132,'La Fama',8,14,188,4.3),
                       (133,'Chicken Teriyaki',8,14,122,4.0),
                       (134,'Hentai',8,14,162,4.1),
                       (135,'Bizcochito',8,14,109,4.2),
                       (136,'G3 N15',8,14,252,4.0),
                       (137,'Motomami',8,14,61,4.1),
                       (138,'Diablo',8,14,165,4.3),
                       (139,'Delirio de Grandeza',8,14,175,4.0),
                       (140,'Cuuuuuuuuuute',8,14,150,4.2),
                       (141,'Papaoutai',9,15,232,4.9),
                       (142,'Formidable',9,15,213,4.9),
                       (143,'Tous les mêmes',9,15,213,4.6),
                       (144,'Ave Cesaria',9,15,249,4.3),
                       (145,'Quand c\'est ?',9,15,180,4.4),
                       (146,'Carmen',9,15,189,4.5),
                       (147,'Humain à l\'eau',9,15,230,4.1),
                       (148,'Bâtard',9,15,208,4.2),
                       (149,'Ta fête',9,15,176,4.3),
                       (150,'Moules frites',9,15,158,4.0),
                       (151,'Santé',9,16,191,4.7),
                       (152,'L\'enfer',9,16,189,4.8),
                       (153,'Fils de joie',9,16,195,4.5),
                       (154,'Invaincu',9,16,125,4.1),
                       (155,'La solassitude',9,16,182,4.0),
                       (156,'Mon amour',9,16,172,4.2),
                       (157,'Déclaration',9,16,180,4.1),
                       (158,'Bonne journée',9,16,190,4.0),
                       (159,'Pas vraiment',9,16,160,4.1),
                       (160,'Mauvaise journée',9,16,185,4.3),
                       (161,'Levitating',10,17,203,4.8),
                       (162,'Don\'t Start Now',10,17,183,4.7),
                       (163,'Physical',10,17,193,4.5),
                       (164,'Break My Heart',10,17,221,4.6),
                       (165,'Cool',10,17,209,4.2),
                       (166,'Hallucinate',10,17,208,4.1),
                       (167,'Love Again',10,17,258,4.4),
                       (168,'Pretty Please',10,17,194,4.0),
                       (169,'Good In Bed',10,17,218,4.1),
                       (170,'Boys Will Be Boys',10,17,166,4.0),
                       (171,'Without Me',11,18,290,4.9),
                       (172,'Sing for the Moment',11,18,339,4.7),
                       (173,'Superman',11,18,350,4.2),
                       (174,'White America',11,18,324,4.4),
                       (175,'Business',11,18,251,4.3),
                       (176,'Cleanin\' Out My Closet',11,18,297,4.6),
                       (177,'Square Dance',11,18,323,4.1),
                       (178,'Soldier',11,18,226,4.2),
                       (179,'Say Goodbye Hollywood',11,18,272,4.0),
                       (180,'Drips',11,18,285,4.1),
                       (181,'Happier Than Ever',12,19,298,4.9),
                       (182,'Oxytocin',12,19,210,4.5),
                       (183,'NDA',12,19,195,4.1),
                       (184,'Getting Older',12,19,244,4.3),
                       (185,'I Didn\'t Change My Number',12,19,158,4.0),
                       (186,'Billie Bossa Nova',12,19,196,4.2),
                       (187,'My Future',12,19,210,4.6),
                       (188,'Goldwing',12,19,151,4.0),
                       (189,'Lost Cause',12,19,212,4.1),
                       (190,'Halley\'s Comet',12,19,234,4.3),
                       (191,'Balance ton quoi',13,20,189,4.8),
                       (192,'Tout oublier',13,20,202,4.7),
                       (193,'Ta reine',13,20,213,4.5),
                       (194,'La thune',13,20,201,4.4),
                       (195,'La loi de Murphy',13,20,195,4.3),
                       (196,'Jalousie',13,20,225,4.2),
                       (197,'Flou',13,20,197,4.1),
                       (198,'Victime des réseaux',13,20,200,4.0),
                       (199,'Les matins',13,20,190,4.1),
                       (200,'Nombreux',13,20,185,4.2),
                       (201,'Bruxelles je t\'aime',13,21,229,4.7),
                       (202,'Libre',13,21,164,4.6),
                       (203,'On s\'habitue',13,21,158,4.3),
                       (204,'Solo',13,21,195,4.2),
                       (205,'Pensées positives',13,21,190,4.1),
                       (206,'Taxi',13,21,180,4.0),
                       (207,'Démons',13,21,251,4.8),
                       (208,'Plus de sens',13,21,198,4.1),
                       (209,'Tempête',13,21,205,4.2),
                       (210,'Mauvais rêves',13,21,215,4.0),
                       (211,'Jefe',14,22,176,4.8),
                       (212,'VVS',14,22,185,4.6),
                       (213,'Vérité',14,22,195,4.5),
                       (214,'Sky Priority',14,22,180,4.3),
                       (215,'Arme de poing',14,22,205,4.2),
                       (216,'Aïcha',14,22,210,4.1),
                       (217,'Mood',14,22,175,4.0),
                       (218,'Athena',14,22,188,4.2),
                       (219,'YSL',14,22,192,4.1),
                       (220,'Outro',14,22,160,4.0),
                       (221,'Goutte d\'eau',14,23,170,4.7),
                       (222,'Maman ne le sait pas',14,23,205,4.6),
                       (223,'La vie qu\'on mène',14,23,215,4.8),
                       (224,'Paris c\'est magique',14,23,190,4.3),
                       (225,'Jeune Lossa',14,23,195,4.2),
                       (226,'Jamais',14,23,200,4.1),
                       (227,'Putana',14,23,185,4.5),
                       (228,'L\'ancien',14,23,210,4.0),
                       (229,'Big Pac',14,23,175,4.1),
                       (230,'Money',14,23,180,4.2),
                       (231,'Break My Soul',15,24,278,4.7),
                       (232,'Cuff It',15,24,225,4.8),
                       (233,'Alien Superstar',15,24,215,4.6),
                       (234,'I\'m That Girl',15,24,208,4.3),
                       (235,'Cozy',15,24,210,4.2),
                       (236,'Energy',15,24,116,4.1),
                       (237,'Church Girl',15,24,224,4.0),
                       (238,'Plastic Off The Sofa',15,24,254,4.4),
                       (239,'Virgo\'s Groove',15,24,368,4.5),
                       (240,'Move',15,24,199,4.1),
                       (241,'Shape of You',16,25,233,4.8),
                       (242,'Perfect',16,25,263,4.9),
                       (243,'Castle on the Hill',16,25,261,4.5),
                       (244,'Eraser',16,25,227,4.1),
                       (245,'Dive',16,25,238,4.3),
                       (246,'Galway Girl',16,25,170,4.6),
                       (247,'Happier',16,25,207,4.2),
                       (248,'New Man',16,25,189,4.0),
                       (249,'Hearts Don\'t Break Around Here',16,25,248,4.1),
                       (250,'What Do I Know?',16,25,237,4.0),
                       (251,'Work',17,26,219,4.6),
                       (252,'Needed Me',17,26,191,4.5),
                       (253,'Love on the Brain',17,26,224,4.9),
                       (254,'Consideration',17,26,161,4.2),
                       (255,'James Joint',17,26,72,4.0),
                       (256,'Kiss It Better',17,26,253,4.4),
                       (257,'Desperado',17,26,186,4.3),
                       (258,'Woo',17,26,235,4.0),
                       (259,'Same Ol\' Mistakes',17,26,397,4.1),
                       (260,'Never Ending',17,26,202,4.0),
                       (261,'Tchikita',18,27,193,4.7),
                       (262,'On m\'appelle l\'ovni',18,27,178,4.6),
                       (263,'C\'est le son de la gratte',18,27,175,4.3),
                       (264,'Je dis rien, je vois tout, j\'entends',18,27,215,4.2),
                       (265,'E.T.',18,27,190,4.1),
                       (266,'Je fais le sourd',18,27,205,4.0),
                       (267,'Elle et l\'autre',18,27,210,4.1),
                       (268,'Y\'a pas de stress',18,27,195,4.2),
                       (269,'J\'ai dit...',18,27,185,4.0),
                       (270,'Ah c\'est comme ça !',18,27,180,4.1),
                       (271,'JCVD',18,28,185,4.5),
                       (272,'La bandite',18,28,190,4.4),
                       (273,'Salvatrucha',18,28,200,4.2),
                       (274,'Tokyo',18,28,195,4.3),
                       (275,'Sous la lune',18,28,180,4.1),
                       (276,'Tel Me',18,28,210,4.6),
                       (277,'BDG',18,28,205,4.0),
                       (278,'Pas de love',18,28,192,4.1),
                       (279,'Je parle pas chinois',18,28,188,4.2),
                       (280,'Hey',18,28,195,4.0),
                       (281,'DA',19,29,215,4.8),
                       (282,'Naha',19,29,245,4.9),
                       (283,'Dans la légende',19,29,230,4.6),
                       (284,'Mira',19,29,220,4.3),
                       (285,'J\'suis QLF',19,29,240,4.7),
                       (286,'La vie est belle',19,29,235,4.2),
                       (287,'Kratos',19,29,225,4.1),
                       (288,'Luz de Luna',19,29,232,4.4),
                       (289,'Uranus',19,29,242,4.0),
                       (290,'Onizuka',19,29,250,4.9),
                       (291,'Au DD',19,30,240,5.0),
                       (292,'Autre monde',19,30,235,4.6),
                       (293,'Chang',19,30,225,4.4),
                       (294,'Blanka',19,30,215,4.3),
                       (295,'91\'s',19,30,230,4.7),
                       (296,'A l\'ammoniaque',19,30,250,4.8),
                       (297,'Celsius',19,30,242,4.2),
                       (298,'Deux frères',19,30,245,4.5),
                       (299,'Hasta la vista',19,30,220,4.1),
                       (300,'Cœurs',19,30,238,4.2),
                       (301,'Hymn for the Weekend',20,31,258,4.7),
                       (302,'Adventure of a Lifetime',20,31,263,4.6),
                       (303,'Up&Up',20,31,381,4.5),
                       (304,'Everglow',20,31,282,4.4),
                       (305,'Birds',20,31,229,4.1),
                       (306,'Fun',20,31,267,4.0),
                       (307,'Kaleidoscope',20,31,111,3.9),
                       (308,'Army Of One',20,31,376,4.2),
                       (309,'Amazing Day',20,31,271,4.1),
                       (310,'Colour Spectrum',20,31,60,3.8),
                       (311,'Macarena',21,32,205,4.8),
                       (312,'Signaler',21,32,198,4.6),
                       (313,'Nwaar Is The New Black',21,32,125,4.4),
                       (314,'#QuedusaalVie',21,32,195,4.3),
                       (315,'Mosaïque solitaire',21,32,240,4.7),
                       (316,'Dieu ne ment jamais',21,32,215,4.2),
                       (317,'Kietu',21,32,200,4.1),
                       (318,'Gova',21,32,190,4.0),
                       (319,'J Respect R',21,32,212,4.2),
                       (320,'Peur d\'être père',21,32,220,4.5),
                       (321,'Feu de bois',21,33,185,4.7),
                       (322,'Smog',21,33,180,4.5),
                       (323,'Julien',21,33,210,4.3),
                       (324,'Introduction',21,33,120,4.1),
                       (325,'Festival de rêves',21,33,200,4.2),
                       (326,'Baltringue',21,33,195,4.0),
                       (327,'Silence',21,33,215,4.6),
                       (328,'Même issue',21,33,198,4.2),
                       (329,'60 années',21,33,185,4.1),
                       (330,'Aux paradis',21,33,225,4.3),
                       (331,'Basique',22,34,163,4.9),
                       (332,'Tout va bien',22,34,149,4.7),
                       (333,'San',22,34,242,4.6),
                       (334,'Défaite de famille',22,34,223,4.5),
                       (335,'La pluie',22,34,175,4.8),
                       (336,'Paradis',22,34,208,4.4),
                       (337,'Christophe',22,34,168,4.1),
                       (338,'Zone',22,34,240,4.2),
                       (339,'Dans ma ville, on traîne',22,34,245,4.0),
                       (340,'Notes pour trop tard',22,34,453,4.9),
                       (341,'L\'odeur de l\'essence',22,35,282,4.9),
                       (342,'Jour meilleur',22,35,182,4.7),
                       (343,'La Quête',22,35,244,4.8),
                       (344,'Shonen',22,35,190,4.3),
                       (345,'Seul avec du monde autour',22,35,205,4.2),
                       (346,'Du propre',22,35,220,4.5),
                       (347,'Bébéboa',22,35,185,4.0),
                       (348,'Rêve mieux',22,35,224,4.4),
                       (349,'Athéna',22,35,175,4.1),
                       (350,'Civilisation',22,35,240,4.3),
                       (351,'Djadja',23,36,171,4.9),
                       (352,'Pookie',23,36,179,4.8),
                       (353,'La dot',23,36,201,4.6),
                       (354,'Copines',23,36,171,4.7),
                       (355,'Sucette',23,36,168,4.3),
                       (356,'Whine Up',23,36,195,4.1),
                       (357,'Gangster',23,36,185,4.0),
                       (358,'Dans ma bulle',23,36,175,4.2),
                       (359,'Oula',23,36,180,4.1),
                       (360,'Faya',23,36,188,4.0),
                       (361,'Baby',23,37,165,4.8),
                       (362,'Daddy',23,37,195,4.6),
                       (363,'SMS',23,37,170,4.5),
                       (364,'Corazon',23,37,185,4.2),
                       (365,'T\'as peur',23,37,190,4.4),
                       (366,'Beleck',23,37,175,4.1),
                       (367,'Cadeau',23,37,180,4.0),
                       (368,'J\'ai mal',23,37,168,4.2),
                       (369,'Coller',23,37,172,4.1),
                       (370,'Le goût',23,37,165,4.0),
                       (371,'Bolide allemand',24,38,185,4.9),
                       (372,'Mr. Ocho',24,38,195,4.7),
                       (373,'Ragnar',24,38,180,4.5),
                       (374,'Hier encore',24,38,200,4.3),
                       (375,'Franklin Saint',24,38,190,4.2),
                       (376,'Jacuzzi',24,38,198,4.1),
                       (377,'Nwar sur nwar',24,38,185,4.0),
                       (378,'Redemption',24,38,210,4.4),
                       (379,'Sang4Sang',24,38,205,4.2),
                       (380,'Cette année-là',24,38,195,4.1),
                       (381,'Van Damme',24,39,185,4.6),
                       (382,'Appel manqué',24,39,195,4.4),
                       (383,'Daddy',24,39,205,4.5),
                       (384,'La vie de rêve',24,39,190,4.2);
/*!40000 ALTER TABLE `song` ENABLE KEYS */;
UNLOCK TABLES;

/*!40103 SET TIME_ZONE=@OLD_TIME_ZONE */;
/*!40101 SET SQL_MODE=@OLD_SQL_MODE */;
/*!40014 SET FOREIGN_KEY_CHECKS=@OLD_FOREIGN_KEY_CHECKS */;
/*!40014 SET UNIQUE_CHECKS=@OLD_UNIQUE_CHECKS */;
/*!40101 SET CHARACTER_SET_CLIENT=@OLD_CHARACTER_SET_CLIENT */;
/*!40101 SET CHARACTER_SET_RESULTS=@OLD_CHARACTER_SET_RESULTS */;
/*!40101 SET COLLATION_CONNECTION=@OLD_COLLATION_CONNECTION */;
/*!40111 SET SQL_NOTES=@OLD_SQL_NOTES */;

-- Dump completed on 2025-11-30 12:00:00