SET FOREIGN_KEY_CHECKS = 0;
SET SQL_MODE = "NO_AUTO_VALUE_ON_ZERO";
SET time_zone = "+00:00";

-- --------------------------------------------------------
-- 1. NETTOYAGE COMPLET
-- --------------------------------------------------------
TRUNCATE TABLE `song`;
TRUNCATE TABLE `album`;
TRUNCATE TABLE `artist`;

-- --------------------------------------------------------
-- 2. ARTISTES (30 Profils Réels avec Images Picsum Uniques)
-- --------------------------------------------------------
INSERT INTO `artist` (`id`, `name`, `biography`, `cover`, `monthly_listeners`) VALUES
                                                                                   (1, 'The Weeknd', 'Star mondiale du R&B et de la Pop sombre.', 'https://picsum.photos/seed/weeknd/800/800', 110000000),
                                                                                   (2, 'Daft Punk', 'Légendes de la French Touch.', 'https://picsum.photos/seed/daftpunk/800/800', 25000000),
                                                                                   (3, 'Damso', 'Rappeur à la plume sombre et technique.', 'https://picsum.photos/seed/damso/800/800', 8000000),
                                                                                   (4, 'PNL', 'Le duo des Tarterêts qui a changé le rap.', 'https://picsum.photos/seed/pnl/800/800', 5500000),
                                                                                   (5, 'Lana Del Rey', 'La reine du vintage et de la mélancolie.', 'https://picsum.photos/seed/lana/800/800', 56000000),
                                                                                   (6, 'Travis Scott', 'Energie pure et ambiance psychédélique.', 'https://picsum.photos/seed/travis/800/800', 72000000),
                                                                                   (7, 'Drake', 'Le rappeur canadien numéro 1.', 'https://picsum.photos/seed/drake/800/800', 85000000),
                                                                                   (8, 'Rihanna', 'Icône de la mode et de la pop.', 'https://picsum.photos/seed/rihanna/800/800', 90000000),
                                                                                   (9, 'Ninho', 'Le recordman des certifications.', 'https://picsum.photos/seed/ninho/800/800', 6000000),
                                                                                   (10, 'Hans Zimmer', 'Le compositeur de musiques de films.', 'https://picsum.photos/seed/hans/800/800', 12000000),
                                                                                   (11, 'Kanye West', 'Producteur visionnaire.', 'https://picsum.photos/seed/kanye/800/800', 65000000),
                                                                                   (12, 'Orelsan', 'Le rappeur normand simple et basique.', 'https://picsum.photos/seed/orel/800/800', 4500000),
                                                                                   (13, 'Angèle', 'La star belge de la pop.', 'https://picsum.photos/seed/angele/800/800', 6000000),
                                                                                   (14, 'Arctic Monkeys', 'Rock britannique.', 'https://picsum.photos/seed/arctic/800/800', 45000000),
                                                                                   (15, 'Dua Lipa', 'Pop disco moderne.', 'https://picsum.photos/seed/dua/800/800', 78000000),
                                                                                   (16, 'Eminem', 'Le Rap God de Detroit.', 'https://picsum.photos/seed/eminem/800/800', 62000000),
                                                                                   (17, 'Adele', 'La voix de Londres qui brise les coeurs.', 'https://picsum.photos/seed/adele/800/800', 50000000),
                                                                                   (18, 'Coldplay', 'Le groupe de pop-rock qui remplit les stades.', 'https://picsum.photos/seed/coldplay/800/800', 80000000),
                                                                                   (19, 'Booba', 'Le Duc de Boulogne.', 'https://picsum.photos/seed/booba/800/800', 4000000),
                                                                                   (20, 'Stromae', 'Le maestro belge.', 'https://picsum.photos/seed/stromae/800/800', 9000000),
                                                                                   (21, 'Billie Eilish', 'La voix chuchotée d\'une génération.', 'https://picsum.photos/seed/billie/800/800', 70000000),
                                                                                   (22, 'Kendrick Lamar', 'Le poète du hip-hop, prix Pulitzer.', 'https://picsum.photos/seed/kendrick/800/800', 55000000),
                                                                                   (23, 'Taylor Swift', 'L\'industrie musicale à elle seule.', 'https://picsum.photos/seed/taylor/800/800', 100000000),
                                                                                   (24, 'Jul', 'L\'ovni marseillais le plus productif.', 'https://picsum.photos/seed/jul/800/800', 7000000),
                                                                                   (25, 'SCH', 'Le S, Mathafack.', 'https://picsum.photos/seed/sch/800/800', 4500000),
                                                                                   (26, 'Gazo', 'Le chef de la Drill FR.', 'https://picsum.photos/seed/gazo/800/800', 6500000),
                                                                                   (27, 'Imagine Dragons', 'Pop rock énergique.', 'https://picsum.photos/seed/imaginedragons/800/800', 60000000),
                                                                                   (28, 'Queen', 'Freddie Mercury et sa légende.', 'https://picsum.photos/seed/queen/800/800', 48000000),
                                                                                   (29, 'Michael Jackson', 'Le Roi de la Pop.', 'https://picsum.photos/seed/mj/800/800', 35000000),
                                                                                   (30, 'Bruno Mars', 'Le funk et la pop dans le sang.', 'https://picsum.photos/seed/bruno/800/800', 68000000);

-- --------------------------------------------------------
-- 3. ALBUMS (60 Vrais Albums avec Images Picsum Uniques)
-- --------------------------------------------------------
INSERT INTO `album` (`id`, `name`, `artist_id`, `cover`, `release_date`) VALUES
                                                                             (1, 'After Hours', 1, 'https://picsum.photos/seed/afterhours/800/800', '2020-03-20'),
                                                                             (2, 'Starboy', 1, 'https://picsum.photos/seed/starboy/800/800', '2016-11-25'),
                                                                             (3, 'Dawn FM', 1, 'https://picsum.photos/seed/dawnfm/800/800', '2022-01-07'),
                                                                             (4, 'RAM', 2, 'https://picsum.photos/seed/ram/800/800', '2013-05-17'),
                                                                             (5, 'Discovery', 2, 'https://picsum.photos/seed/discovery/800/800', '2001-03-12'),
                                                                             (6, 'Ipséité', 3, 'https://picsum.photos/seed/ipseite/800/800', '2017-04-28'),
                                                                             (7, 'Lithopédion', 3, 'https://picsum.photos/seed/litho/800/800', '2018-06-15'),
                                                                             (8, 'QALF', 3, 'https://picsum.photos/seed/qalf/800/800', '2020-09-18'),
                                                                             (9, 'Deux Frères', 4, 'https://picsum.photos/seed/deuxfreres/800/800', '2019-04-05'),
                                                                             (10, 'Dans la légende', 4, 'https://picsum.photos/seed/dll/800/800', '2016-09-16'),
                                                                             (11, 'Born to Die', 5, 'https://picsum.photos/seed/btd/800/800', '2012-01-27'),
                                                                             (12, 'Ultraviolence', 5, 'https://picsum.photos/seed/ultra/800/800', '2014-06-13'),
                                                                             (13, 'Astroworld', 6, 'https://picsum.photos/seed/astro/800/800', '2018-08-03'),
                                                                             (14, 'Utopia', 6, 'https://picsum.photos/seed/utopia/800/800', '2023-07-28'),
                                                                             (15, 'Scorpion', 7, 'https://picsum.photos/seed/scorpion/800/800', '2018-06-29'),
                                                                             (16, 'Views', 7, 'https://picsum.photos/seed/views/800/800', '2016-04-29'),
                                                                             (17, 'Anti', 8, 'https://picsum.photos/seed/anti/800/800', '2016-01-28'),
                                                                             (18, 'Loud', 8, 'https://picsum.photos/seed/loud/800/800', '2010-11-12'),
                                                                             (19, 'Destin', 9, 'https://picsum.photos/seed/destin/800/800', '2019-03-22'),
                                                                             (20, 'Jefe', 9, 'https://picsum.photos/seed/jefe/800/800', '2021-12-03'),
                                                                             (21, 'Interstellar', 10, 'https://picsum.photos/seed/interstellar/800/800', '2014-11-17'),
                                                                             (22, 'Inception', 10, 'https://picsum.photos/seed/inception/800/800', '2010-07-13'),
                                                                             (23, 'Graduation', 11, 'https://picsum.photos/seed/graduation/800/800', '2007-09-11'),
                                                                             (24, 'Yeezus', 11, 'https://picsum.photos/seed/yeezus/800/800', '2013-06-18'),
                                                                             (25, 'Civilisation', 12, 'https://picsum.photos/seed/civilisation/800/800', '2021-11-19'),
                                                                             (26, 'La fête est finie', 12, 'https://picsum.photos/seed/lafete/800/800', '2017-10-20'),
                                                                             (27, 'Future Nostalgia', 13, 'https://picsum.photos/seed/futurenostalgia/800/800', '2020-03-27'),
                                                                             (28, 'AM', 14, 'https://picsum.photos/seed/am/800/800', '2013-09-09'),
                                                                             (29, 'Brol', 15, 'https://picsum.photos/seed/brol/800/800', '2018-10-05'),
                                                                             (30, 'Nonante-Cinq', 15, 'https://picsum.photos/seed/nonantecinq/800/800', '2021-12-03'),
                                                                             (31, 'The Eminem Show', 16, 'https://picsum.photos/seed/eminemshow/800/800', '2002-05-26'),
                                                                             (32, 'Recovery', 16, 'https://picsum.photos/seed/recovery/800/800', '2010-06-18'),
                                                                             (33, '21', 17, 'https://picsum.photos/seed/adele21/800/800', '2011-01-24'),
                                                                             (34, '30', 17, 'https://picsum.photos/seed/adele30/800/800', '2021-11-19'),
                                                                             (35, 'Parachutes', 18, 'https://picsum.photos/seed/parachutes/800/800', '2000-07-10'),
                                                                             (36, 'A Rush of Blood', 18, 'https://picsum.photos/seed/arush/800/800', '2002-08-26'),
                                                                             (37, 'Ultra', 19, 'https://picsum.photos/seed/boobaultra/800/800', '2021-03-05'),
                                                                             (38, 'Trône', 19, 'https://picsum.photos/seed/trone/800/800', '2017-12-01'),
                                                                             (39, 'Racine carrée', 20, 'https://picsum.photos/seed/racine/800/800', '2013-08-16'),
                                                                             (40, 'Multitude', 20, 'https://picsum.photos/seed/multitude/800/800', '2022-03-04'),
                                                                             (41, 'Happier Than Ever', 21, 'https://picsum.photos/seed/happier/800/800', '2021-07-30'),
                                                                             (42, 'DAMN.', 22, 'https://picsum.photos/seed/damn/800/800', '2017-04-14'),
                                                                             (43, 'GKMC', 22, 'https://picsum.photos/seed/gkmc/800/800', '2012-10-22'),
                                                                             (44, '1989', 23, 'https://picsum.photos/seed/1989/800/800', '2014-10-27'),
                                                                             (45, 'Midnights', 23, 'https://picsum.photos/seed/midnights/800/800', '2022-10-21'),
                                                                             (46, 'My World', 24, 'https://picsum.photos/seed/myworld/800/800', '2015-12-04'),
                                                                             (47, 'L\'Ovni', 24, 'https://picsum.photos/seed/lovni/800/800', '2016-12-02'),
                                                                             (48, 'JVLIVS', 25, 'https://picsum.photos/seed/jvlvis/800/800', '2018-10-19'),
                                                                             (49, 'JVLIVS II', 25, 'https://picsum.photos/seed/jvlvis2/800/800', '2021-03-19'),
                                                                             (50, 'KMT', 26, 'https://picsum.photos/seed/kmt/800/800', '2022-07-01'),
                                                                             (51, 'Drill FR', 26, 'https://picsum.photos/seed/drillfr/800/800', '2021-02-26'),
                                                                             (52, 'Night Visions', 27, 'https://picsum.photos/seed/nightvisions/800/800', '2012-09-04'),
                                                                             (53, 'Evolve', 27, 'https://picsum.photos/seed/evolve/800/800', '2017-06-23'),
                                                                             (54, 'A Night at the Opera', 28, 'https://picsum.photos/seed/anight/800/800', '1975-11-21'),
                                                                             (55, 'Thriller', 29, 'https://picsum.photos/seed/thriller/800/800', '1982-11-30'),
                                                                             (56, 'Bad', 29, 'https://picsum.photos/seed/bad/800/800', '1987-08-31'),
                                                                             (57, '24K Magic', 30, 'https://picsum.photos/seed/24k/800/800', '2016-11-18'),
                                                                             (58, 'Doo-Wops & Hooligans', 30, 'https://picsum.photos/seed/doowops/800/800', '2010-10-04'),
                                                                             (59, 'Un Verano Sin Ti', 1, 'https://picsum.photos/seed/badbunny/800/800', '2022-05-06'),
                                                                             (60, 'Renaissance', 8, 'https://picsum.photos/seed/beyonce/800/800', '2022-07-29');

-- --------------------------------------------------------
-- 4. CHANSONS (Vrais Titres)
-- --------------------------------------------------------
INSERT INTO `song` (`id`, `name`, `artist_id`, `album_id`, `duration`, `note`) VALUES
                                                                                   (1, 'Blinding Lights', 1, 1, 200, 5.0), (2, 'In Your Eyes', 1, 1, 237, 4.6), (3, 'Save Your Tears', 1, 1, 215, 4.8), (4, 'Heartless', 1, 1, 198, 4.3),
                                                                                   (6, 'Starboy', 1, 2, 230, 4.9), (7, 'I Feel It Coming', 1, 2, 269, 4.7), (8, 'Party Monster', 1, 2, 249, 4.2),
                                                                                   (10, 'Gasoline', 1, 3, 212, 4.1), (11, 'Take My Breath', 1, 3, 339, 4.5), (12, 'Sacrifice', 1, 3, 188, 4.6),
                                                                                   (13, 'Get Lucky', 2, 4, 369, 5.0), (14, 'Instant Crush', 2, 4, 337, 4.9), (15, 'Lose Yourself to Dance', 2, 4, 353, 4.5),
                                                                                   (17, 'One More Time', 2, 5, 320, 5.0), (18, 'Aerodynamic', 2, 5, 207, 4.7), (19, 'Digital Love', 2, 5, 298, 4.8),
                                                                                   (21, 'Macarena', 3, 6, 208, 4.4), (22, 'Signaler', 3, 6, 202, 4.2), (23, 'Kietu', 3, 6, 230, 4.1),
                                                                                   (24, 'Feu de bois', 3, 7, 203, 4.7), (25, 'Smog', 3, 7, 180, 4.3), (26, 'Dix Leurres', 3, 7, 195, 4.0),
                                                                                   (27, '911', 3, 8, 205, 4.8), (28, 'Deux toiles de mer', 3, 8, 230, 4.5),
                                                                                   (29, 'Au DD', 4, 9, 240, 5.0), (30, 'Deux Frères', 4, 9, 250, 4.6), (31, 'Blanka', 4, 9, 195, 4.3),
                                                                                   (33, 'DA', 4, 10, 210, 4.8), (34, 'Naha', 4, 10, 235, 4.7), (35, 'Onizuka', 4, 10, 245, 4.9),
                                                                                   (37, 'Video Games', 5, 11, 282, 4.9), (38, 'Born to Die', 5, 11, 286, 4.8), (39, 'Blue Jeans', 5, 11, 210, 4.6),
                                                                                   (41, 'West Coast', 5, 12, 256, 4.5), (42, 'Brooklyn Baby', 5, 12, 351, 4.4),
                                                                                   (43, 'Sicko Mode', 6, 13, 312, 4.9), (44, 'Stargazing', 6, 13, 271, 4.6), (45, 'Butterfly Effect', 6, 13, 205, 4.5),
                                                                                   (47, 'Meltdown', 6, 14, 246, 4.4), (48, 'Fe!n', 6, 14, 191, 4.7),
                                                                                   (50, 'God\'s Plan', 7, 15, 198, 4.8), (51, 'Nice For What', 7, 15, 210, 4.5),
                                                                                   (53, 'Hotline Bling', 7, 16, 267, 4.7), (54, 'One Dance', 7, 16, 173, 4.9),
                                                                                   (56, 'Work', 8, 17, 219, 4.6), (57, 'Needed Me', 8, 17, 191, 4.5),
                                                                                   (59, 'Only Girl', 8, 18, 235, 4.8), (60, 'What\'s My Name?', 8, 18, 263, 4.5),
                                                                                   (62, 'Goutte d\'eau', 9, 19, 188, 4.6), (63, 'Maman ne le sait pas', 9, 19, 205, 4.7),
                                                                                   (65, 'Jefe', 9, 20, 185, 4.5), (66, 'VVS', 9, 20, 195, 4.4),
                                                                                   (68, 'Cornfield Chase', 10, 21, 126, 5.0), (69, 'No Time for Caution', 10, 21, 246, 4.9),
                                                                                   (71, 'Time', 10, 22, 275, 5.0), (72, 'Dream Is Collapsing', 10, 22, 143, 4.7),
                                                                                   (73, 'Stronger', 11, 23, 311, 4.9), (74, 'Good Life', 11, 23, 207, 4.6),
                                                                                   (76, 'Black Skinhead', 11, 24, 188, 4.7), (77, 'Bound 2', 11, 24, 229, 4.5),
                                                                                   (78, 'L\'odeur de l\'essence', 12, 25, 282, 4.9), (79, 'Jour meilleur', 12, 25, 215, 4.7),
                                                                                   (81, 'Basique', 12, 26, 196, 4.8), (82, 'San', 12, 26, 242, 4.5),
                                                                                   (84, 'Don\'t Start Now', 13, 27, 183, 4.8), (85, 'Levitating', 13, 27, 203, 4.7),
                                                                                   (87, 'Do I Wanna Know?', 14, 28, 272, 4.9), (88, 'R U Mine?', 14, 28, 201, 4.7),
                                                                                   (90, 'Balance ton quoi', 15, 29, 189, 4.7), (91, 'Tout oublier', 15, 29, 202, 4.8),
                                                                                   (92, 'Without Me', 16, 31, 290, 4.9), (93, 'Sing For The Moment', 16, 31, 339, 4.8),
                                                                                   (94, 'Not Afraid', 16, 32, 248, 4.7), (95, 'Love The Way You Lie', 16, 32, 263, 4.6),
                                                                                   (96, 'Rolling in the Deep', 17, 33, 228, 5.0), (97, 'Someone Like You', 17, 33, 285, 4.9),
                                                                                   (98, 'Easy On Me', 17, 34, 224, 4.8),
                                                                                   (99, 'Yellow', 18, 35, 269, 4.8), (100, 'Shiver', 18, 35, 304, 4.5),
                                                                                   (101, 'The Scientist', 18, 36, 309, 5.0), (102, 'Clocks', 18, 36, 307, 4.9),
                                                                                   (103, 'Mona Lisa', 19, 37, 190, 4.6), (104, '5G', 19, 37, 200, 4.3),
                                                                                   (105, 'Petite Fille', 19, 38, 210, 4.7),
                                                                                   (106, 'Papaoutai', 20, 39, 231, 4.9), (107, 'Formidable', 20, 39, 213, 4.8),
                                                                                   (108, 'Santé', 20, 40, 190, 4.5), (109, 'L\'enfer', 20, 40, 189, 4.7),
                                                                                   (110, 'Happier Than Ever', 21, 41, 298, 4.9), (111, 'Oxytocin', 21, 41, 210, 4.6),
                                                                                   (112, 'HUMBLE.', 22, 42, 177, 4.9), (113, 'DNA.', 22, 42, 185, 4.8),
                                                                                   (114, 'Bitch, Don\'t Kill My Vibe', 22, 43, 310, 4.8), (115, 'Money Trees', 22, 43, 386, 5.0),
                                                                                   (116, 'Blank Space', 23, 44, 231, 4.8), (117, 'Style', 23, 44, 231, 4.7),
                                                                                   (118, 'Anti-Hero', 23, 45, 200, 4.9), (119, 'Lavender Haze', 23, 45, 191, 4.6),
                                                                                   (120, 'Wesh alors', 24, 46, 200, 4.8), (121, 'Amnésia', 24, 46, 210, 4.7),
                                                                                   (122, 'Tchikita', 24, 47, 195, 4.9),
                                                                                   (123, 'Otto', 25, 48, 185, 4.7), (124, 'Pharmacie', 25, 48, 210, 4.6),
                                                                                   (125, 'Mannschaft', 25, 49, 230, 4.8),
                                                                                   (126, 'DIE', 26, 50, 200, 4.8), (127, 'Fleurs', 26, 50, 195, 4.7),
                                                                                   (128, 'Haine&Sex', 26, 51, 205, 4.9),
                                                                                   (129, 'Radioactive', 27, 52, 186, 4.8), (130, 'Demons', 27, 52, 177, 4.9),
                                                                                   (131, 'Believer', 27, 53, 204, 4.8), (132, 'Thunder', 27, 53, 187, 4.6),
                                                                                   (133, 'Bohemian Rhapsody', 28, 54, 354, 5.0), (134, 'Love of My Life', 28, 54, 217, 4.9),
                                                                                   (135, 'Billie Jean', 29, 55, 294, 5.0), (136, 'Beat It', 29, 55, 258, 4.9),
                                                                                   (137, 'Smooth Criminal', 29, 56, 257, 5.0),
                                                                                   (138, '24K Magic', 30, 57, 226, 4.8), (139, 'That\'s What I Like', 30, 57, 206, 4.7),
                                                                                   (140, 'Grenade', 30, 58, 222, 4.8), (141, 'Just the Way You Are', 30, 58, 220, 4.9),
                                                                                   (142, 'Moscow Mule', 1, 59, 238, 4.6),
                                                                                   (143, 'Break My Soul', 8, 60, 278, 4.8);

SET FOREIGN_KEY_CHECKS = 1;